"","BIRADS","Age","Shape","Margin","Density","Severity"
"BIRADS",1,0.318099993856858,0.408349496587665,0.422508132561001,0.0567515760409163,0.524055505672028
"Age",0.318099993856858,1,0.380096283201667,0.420913395474421,0.0524165570429422,0.455215535003498
"Shape",0.408349496587665,0.380096283201667,1,0.7380138699828,0.0739688682348551,0.564762785664077
"Margin",0.422508132561001,0.420913395474421,0.7380138699828,1,0.124860154398478,0.574497636958251
"Density",0.0567515760409163,0.0524165570429422,0.0739688682348551,0.124860154398478,1,0.0686505214138035
"Severity",0.524055505672028,0.455215535003498,0.564762785664077,0.574497636958251,0.0686505214138035,1
